<?xml version="1.0" encoding="utf-8" ?>
<dwsync>
    <file name="deposit_history.php" server="C:/Webserver7.4.6/htdocs/devenv/smartbizness/v2/"
          local="132421648637284003" remote="132421648630000000" Dst="0"/>
    <file name="products.php" server="C:/Webserver7.4.6/htdocs/devenv/smartbizness/v2/" local="132422231627459273"
          remote="132422231620000000" Dst="0"/>
    <file name="products_history.php" server="C:/Webserver7.4.6/htdocs/devenv/smartbizness/v2/"
          local="132421657357445257" remote="132421657350000000" Dst="0"/>
    <file name="products_list.php" server="C:/Webserver7.4.6/htdocs/devenv/smartbizness/v2/" local="132421762712026927"
          remote="132421762710000000" Dst="0"/>
    <file name="promo.php" server="C:/Webserver7.4.6/htdocs/devenv/smartbizness/v2/" local="132422130580548704"
          remote="132422130580000000" Dst="0"/>
    <file name="quotations.php" server="C:/Webserver7.4.6/htdocs/devenv/smartbizness/v2/" local="132423249105105296"
          remote="132423249100000000" Dst="0"/>
    <file name="quotes_list.php" server="C:/Webserver7.4.6/htdocs/devenv/smartbizness/v2/" local="132423254459175454"
          remote="132423254450000000" Dst="0"/>
    <file name="quote_item_entry.php" server="C:/Webserver7.4.6/htdocs/devenv/smartbizness/v2/"
          local="132423251225188061" remote="132423251220000000" Dst="0"/>
    <file name="quote_item_tbl_rows.php" server="C:/Webserver7.4.6/htdocs/devenv/smartbizness/v2/"
          local="132422597773461520" remote="132422597770000000" Dst="0"/>
    <file name="quote_preview.php" server="C:/Webserver7.4.6/htdocs/devenv/smartbizness/v2/" local="132422609646467229"
          remote="132422609640000000" Dst="0"/>
    <file name="quote_record.php" server="C:/Webserver7.4.6/htdocs/devenv/smartbizness/v2/" local="132423248875595012"
          remote="132423248870000000" Dst="0"/>
    <file name="sales_history.php" server="C:/Webserver7.4.6/htdocs/devenv/smartbizness/v2/" local="132421629137203325"
          remote="132421629130000000" Dst="0"/>
    <file name="sales_transacts.php" server="C:/Webserver7.4.6/htdocs/devenv/smartbizness/v2/"
          local="132421386900976754" remote="132421386900000000" Dst="0"/>
    <file name="stocking.php" server="C:/Webserver7.4.6/htdocs/devenv/smartbizness/v2/" local="132422217364833016"
          remote="132422217360000000" Dst="0"/>
    <file name="stocking_history.php" server="C:/Webserver7.4.6/htdocs/devenv/smartbizness/v2/"
          local="132422230999605126" remote="132422230990000000" Dst="0"/>
</dwsync>