<?xml version="1.0" encoding="utf-8" ?>
<dwsync>
    <file name="app-backgroud.jpg" server="C:/Webserver7.4.6/htdocs/devenv/smartbizness/v2/" local="131861822180000000"
          remote="131861822180000000" Dst="0"/>
    <file name="app-logo.png" server="C:/Webserver7.4.6/htdocs/devenv/smartbizness/v2/" local="132376150226018566"
          remote="132376150220000000" Dst="0"/>
    <file name="brand-bg.png" server="C:/Webserver7.4.6/htdocs/devenv/smartbizness/v2/" local="131963726760000000"
          remote="131963726760000000" Dst="0"/>
    <file name="h_loader.gif" server="C:/Webserver7.4.6/htdocs/devenv/smartbizness/v2/" local="132120615488030094"
          remote="132120615480000000" Dst="0"/>
    <file name="mini-app-logo.png" server="C:/Webserver7.4.6/htdocs/devenv/smartbizness/v2/" local="132060311600893524"
          remote="132060311600000000" Dst="0"/>
    <file name="startup-logo.png" server="C:/Webserver7.4.6/htdocs/devenv/smartbizness/v2/" local="132373724411834754"
          remote="132373724410000000" Dst="0"/>
    <file name="user1-128x128.jpg" server="C:/Webserver7.4.6/htdocs/devenv/smartbizness/v2/" local="132302559860000000"
          remote="132302559860000000" Dst="0"/>
    <file name="user2-160x160.jpg" server="C:/Webserver7.4.6/htdocs/devenv/smartbizness/v2/" local="132302559860000000"
          remote="132302559860000000" Dst="0"/>
    <file name="user3-128x128.jpg" server="C:/Webserver7.4.6/htdocs/devenv/smartbizness/v2/" local="132302559860000000"
          remote="132302559860000000" Dst="0"/>
    <file name="user8-128x128.jpg" server="C:/Webserver7.4.6/htdocs/devenv/smartbizness/v2/" local="132302559860000000"
          remote="132302559860000000" Dst="0"/>
</dwsync>