<?xml version="1.0" encoding="utf-8" ?>
<dwsync>
    <file name="adminlte.js" server="C:/Webserver7.4.6/htdocs/devenv/smartbizness/v2/" local="132302559850000000"
          remote="132302559850000000" Dst="0"/>
    <file name="adminlte.js.map" server="C:/Webserver7.4.6/htdocs/devenv/smartbizness/v2/" local="132302559850000000"
          remote="132302559850000000" Dst="0"/>
    <file name="adminlte.min.js" server="C:/Webserver7.4.6/htdocs/devenv/smartbizness/v2/" local="132302559850000000"
          remote="132302559850000000" Dst="0"/>
    <file name="adminlte.min.js.map" server="C:/Webserver7.4.6/htdocs/devenv/smartbizness/v2/"
          local="132302559850000000" remote="132302559850000000" Dst="0"/>
    <file name="app.js" server="C:/Webserver7.4.6/htdocs/devenv/smartbizness/v2/" local="132424553997460648"
          remote="132424553990000000" Dst="0"/>
    <file name="bootstrap-datepicker.min.js" server="C:/Webserver7.4.6/htdocs/devenv/smartbizness/v2/"
          local="131779341540000000" remote="131779341540000000" Dst="0"/>
    <file name="bootstrap.validator.js" server="C:/Webserver7.4.6/htdocs/devenv/smartbizness/v2/"
          local="132379023473582608" remote="132379023470000000" Dst="0"/>
    <file name="login.js" server="C:/Webserver7.4.6/htdocs/devenv/smartbizness/v2/" local="132423299903335565"
          remote="132423299900000000" Dst="0"/>
</dwsync>