<?xml version="1.0" encoding="utf-8" ?>
<dwsync>
    <file name="add_item.php" server="C:/Webserver7.4.6/htdocs/devenv/smartbizness/v2/" local="132421761758875450"
          remote="132421761750000000" Dst="0"/>
    <file name="attributes_form.php" server="C:/Webserver7.4.6/htdocs/devenv/smartbizness/v2/"
          local="132379179411899150" remote="132379179410000000" Dst="0"/>
    <file name="attributes_list.php" server="C:/Webserver7.4.6/htdocs/devenv/smartbizness/v2/"
          local="132421757830113871" remote="132421757830000000" Dst="0"/>
    <file name="category.php" server="C:/Webserver7.4.6/htdocs/devenv/smartbizness/v2/" local="132400707866864338"
          remote="132400707860000000" Dst="0"/>
    <file name="category_form.php" server="C:/Webserver7.4.6/htdocs/devenv/smartbizness/v2/" local="132380002917987383"
          remote="132380002910000000" Dst="0"/>
    <file name="create_store.php" server="C:/Webserver7.4.6/htdocs/devenv/smartbizness/v2/" local="132379050500910548"
          remote="132379050500000000" Dst="0"/>
    <file name="images_list.php" server="C:/Webserver7.4.6/htdocs/devenv/smartbizness/v2/" local="132421749137470694"
          remote="132421749130000000" Dst="0"/>
    <file name="import_data.php" server="C:/Webserver7.4.6/htdocs/devenv/smartbizness/v2/" local="132407679250340959"
          remote="132407679250000000" Dst="0"/>
    <file name="inventory-item-usage.php" server="C:/Webserver7.4.6/htdocs/devenv/smartbizness/v2/"
          local="132334872965203675" remote="132334872960000000" Dst="0"/>
    <file name="inventory-usage-history.php" server="C:/Webserver7.4.6/htdocs/devenv/smartbizness/v2/"
          local="132334871522711236" remote="132334871520000000" Dst="0"/>
    <file name="inventory-usage-record.php" server="C:/Webserver7.4.6/htdocs/devenv/smartbizness/v2/"
          local="132334863032781682" remote="132334863030000000" Dst="0"/>
    <file name="inventory-usage.php" server="C:/Webserver7.4.6/htdocs/devenv/smartbizness/v2/"
          local="132334354941394502" remote="132334354940000000" Dst="0"/>
    <file name="inventory.php" server="C:/Webserver7.4.6/htdocs/devenv/smartbizness/v2/" local="132379933053049385"
          remote="132379933050000000" Dst="0"/>
    <file name="inventory_list.php" server="C:/Webserver7.4.6/htdocs/devenv/smartbizness/v2/" local="132407772247660142"
          remote="132407772240000000" Dst="0"/>
    <file name="manage-inventory.php" server="C:/Webserver7.4.6/htdocs/devenv/smartbizness/v2/"
          local="132333279360830385" remote="132333279360000000" Dst="0"/>
    <file name="menu-category-form.php" server="C:/Webserver7.4.6/htdocs/devenv/smartbizness/v2/"
          local="132313363500633935" remote="132313363500000000" Dst="0"/>
    <file name="product_info.php" server="C:/Webserver7.4.6/htdocs/devenv/smartbizness/v2/" local="132421761053097720"
          remote="132421761050000000" Dst="0"/>
    <file name="stocking.php" server="C:/Webserver7.4.6/htdocs/devenv/smartbizness/v2/" local="132334141439592414"
          remote="132334141430000000" Dst="0"/>
    <file name="usage-print-out.php" server="C:/Webserver7.4.6/htdocs/devenv/smartbizness/v2/"
          local="132334344338678099" remote="132334344330000000" Dst="0"/>
</dwsync>