<?xml version="1.0" encoding="utf-8" ?>
<dwsync>
    <file name="404.css" server="C:/Webserver7.4.6/htdocs/devenv/smartbizness/v2/" local="132372615049515610"
          remote="132372615040000000" Dst="0"/>
    <file name="adminlte.min.css" server="C:/Webserver7.4.6/htdocs/devenv/smartbizness/v2/" local="132302559850000000"
          remote="132302559850000000" Dst="0"/>
    <file name="adminlte.min.css.map" server="C:/Webserver7.4.6/htdocs/devenv/smartbizness/v2/"
          local="132302559850000000" remote="132302559850000000" Dst="0"/>
    <file name="bootstrap-datepicker3.css" server="C:/Webserver7.4.6/htdocs/devenv/smartbizness/v2/"
          local="131834446420000000" remote="131834446420000000" Dst="0"/>
    <file name="bootstrap-iso.css" server="C:/Webserver7.4.6/htdocs/devenv/smartbizness/v2/" local="131779346580000000"
          remote="131779346580000000" Dst="0"/>
    <file name="dashboard.css" server="C:/Webserver7.4.6/htdocs/devenv/smartbizness/v2/" local="132417762877136247"
          remote="132417762870000000" Dst="0"/>
    <file name="fonts.css" server="C:/Webserver7.4.6/htdocs/devenv/smartbizness/v2/" local="132372497895345012"
          remote="132372497890000000" Dst="0"/>
    <file name="login.css" server="C:/Webserver7.4.6/htdocs/devenv/smartbizness/v2/" local="132373737442811089"
          remote="132373737440000000" Dst="0"/>
    <file name="unified.css" server="C:/Webserver7.4.6/htdocs/devenv/smartbizness/v2/" local="132374769318095406"
          remote="132374769310000000" Dst="0"/>
</dwsync>