<?xml version="1.0" encoding="utf-8" ?>
<dwsync>
    <file name="department_unit.php" server="C:/Webserver7.4.6/htdocs/devenv/smartbizness/v2/"
          local="132379209003563779" remote="132379209000000000" Dst="0"/>
    <file name="discount_vat.php" server="C:/Webserver7.4.6/htdocs/devenv/smartbizness/v2/" local="132410170979079898"
          remote="132410170970000000" Dst="0"/>
    <file name="discount_vat_form.php" server="C:/Webserver7.4.6/htdocs/devenv/smartbizness/v2/"
          local="132379050500333197" remote="132379050500000000" Dst="0"/>
    <file name="discount_vat_type_form.php" server="C:/Webserver7.4.6/htdocs/devenv/smartbizness/v2/"
          local="132379050496397104" remote="132379050490000000" Dst="0"/>
    <file name="measure_unit.php" server="C:/Webserver7.4.6/htdocs/devenv/smartbizness/v2/" local="132378400950066604"
          remote="132378400950000000" Dst="0"/>
    <file name="measure_unit_form.php" server="C:/Webserver7.4.6/htdocs/devenv/smartbizness/v2/"
          local="132379050502272801" remote="132379050500000000" Dst="0"/>
    <file name="storage_location.php" server="C:/Webserver7.4.6/htdocs/devenv/smartbizness/v2/"
          local="132379127947302907" remote="132379127940000000" Dst="0"/>
    <file name="storage_location_form.php" server="C:/Webserver7.4.6/htdocs/devenv/smartbizness/v2/"
          local="132379210938902652" remote="132379210930000000" Dst="0"/>
</dwsync>