<?xml version="1.0" encoding="utf-8" ?>
<dwsync>
    <file name="ajaxOrderLookup.php" server="C:/Webserver7.4.6/htdocs/devenv/smartbizness/v2/"
          local="132421621723444588" remote="132421621720000000" Dst="0"/>
    <file name="deposits.php" server="C:/Webserver7.4.6/htdocs/devenv/smartbizness/v2/" local="132421374917523154"
          remote="132421374910000000" Dst="0"/>
    <file name="deposit_record.php" server="C:/Webserver7.4.6/htdocs/devenv/smartbizness/v2/" local="132422145667751519"
          remote="132422145660000000" Dst="0"/>
    <file name="inventory-lists.php" server="C:/Webserver7.4.6/htdocs/devenv/smartbizness/v2/"
          local="132421607772075452" remote="132421607770000000" Dst="0"/>
    <file name="inventory.php" server="C:/Webserver7.4.6/htdocs/devenv/smartbizness/v2/" local="132410533108927902"
          remote="132410533100000000" Dst="0"/>
    <file name="reversals.php" server="C:/Webserver7.4.6/htdocs/devenv/smartbizness/v2/" local="132331607507816854"
          remote="132331607500000000" Dst="0"/>
    <file name="sales-receipts.php" server="C:/Webserver7.4.6/htdocs/devenv/smartbizness/v2/" local="132421618985145336"
          remote="132421618980000000" Dst="0"/>
    <file name="saved-orders.php" server="C:/Webserver7.4.6/htdocs/devenv/smartbizness/v2/" local="132421615591301855"
          remote="132421615590000000" Dst="0"/>
    <file name="shopping-cart.php" server="C:/Webserver7.4.6/htdocs/devenv/smartbizness/v2/" local="132418992041557256"
          remote="132418992040000000" Dst="0"/>
</dwsync>