<?xml version="1.0" encoding="utf-8" ?>
<dwsync>
    <file name="INVB8JVWG_1596375658.png" server="C:/Webserver7.4.6/htdocs/devenv/smartbizness/v2/"
          local="132408492589846613" remote="132408492580000000" Dst="0"/>
    <file name="INVB8JVWG_1596375888.png" server="C:/Webserver7.4.6/htdocs/devenv/smartbizness/v2/"
          local="132408494887005579" remote="132408494880000000" Dst="0"/>
    <file name="INV_18519271_1593519512.png" server="C:/Webserver7.4.6/htdocs/devenv/smartbizness/v2/"
          local="132379931128110024" remote="132379931120000000" Dst="0"/>
    <file name="INV_27332732_1593535859.png" server="C:/Webserver7.4.6/htdocs/devenv/smartbizness/v2/"
          local="132380094590621198" remote="132380094590000000" Dst="0"/>
    <file name="INV_27332732_1593535876.png" server="C:/Webserver7.4.6/htdocs/devenv/smartbizness/v2/"
          local="132380094764587668" remote="132380094760000000" Dst="0"/>
    <file name="INV_27332732_1593535894.png" server="C:/Webserver7.4.6/htdocs/devenv/smartbizness/v2/"
          local="132380094941753249" remote="132380094940000000" Dst="0"/>
    <file name="INV_27332732_1593535905.png" server="C:/Webserver7.4.6/htdocs/devenv/smartbizness/v2/"
          local="132380095058655592" remote="132380095050000000" Dst="0"/>
    <file name="INV_27332732_1593535919.png" server="C:/Webserver7.4.6/htdocs/devenv/smartbizness/v2/"
          local="132380095199140385" remote="132380095190000000" Dst="0"/>
    <file name="INV_27332732_1593612959.png" server="C:/Webserver7.4.6/htdocs/devenv/smartbizness/v2/"
          local="132380865598264884" remote="132380865590000000" Dst="0"/>
</dwsync>